repository,stars,forks,last_push_utc,license_api,url
niksudan/captain-gastronaut,4,0,2019-03-06T13:48:52Z,not detected,https://github.com/niksudan/captain-gastronaut
christmastodd-dot/fart-flyer,0,0,2026-03-25T21:32:33Z,not detected,https://github.com/christmastodd-dot/fart-flyer
squirelo/FartAndFurious,1,0,2022-05-19T21:46:26Z,not detected,https://github.com/squirelo/FartAndFurious
carlomigueldy/sprout-runner,0,0,2026-07-08T11:52:21Z,not detected,https://github.com/carlomigueldy/sprout-runner
jpdf00/phaser3-plataformer,7,1,2021-05-27T18:13:58Z,MIT,https://github.com/jpdf00/phaser3-plataformer
MightyMike28/EndlessRunnerGame,0,0,2026-08-25T13:16:07Z,MIT,https://github.com/MightyMike28/EndlessRunnerGame
dickinsonmr1/phaser3-platformer,7,2,2022-01-01T03:32:49Z,MIT,https://github.com/dickinsonmr1/phaser3-platformer
mauricekastelijn/phaser-game-template,0,0,2026-04-04T18:40:50Z,MIT,https://github.com/mauricekastelijn/phaser-game-template
phaserjs/template-vite,138,31,2026-04-29T16:07:57Z,MIT,https://github.com/phaserjs/template-vite
metheos/fartnoises,0,0,2025-08-01T01:27:31Z,NOASSERTION,https://github.com/metheos/fartnoises
